,2MASS,id,tmag,MASS,RAD,ROT,Activity Flag,Binary Flag
0,00051079+4547116,439946126,8.02890014648438,0.528,0.536,,0,0
1,00054090+4548374,439949948,7.42180013656616,0.65,0.656,,0,0
5,00133880+8039569,407574350,9.14675045013428,0.559,0.567,,0,0
7,00161607+1951515,150899677,10.5668001174927,0.299,0.315,,0,0
8,00170635+4056538,352179145,7.54300022125244,0.719,0.723,,0,0
9,00182256+4401222,440109725,6.22900009155273,0.403,0.415,,0,0
10,00182549+4401376,440109718,8.3858699798584,0.159,0.182,,0,0
11,00232865+7711217,407457205,9.35334968566895,0.493,0.502,,0,0
13,00265268+7008326,407210683,8.67228984832764,0.551,0.559,,0,0
14,00270673+4941531,202518606,11.4444999694824,0.25,0.268,,0,0
16,00322979+6714043,420470815,8.44600009918213,0.382,0.394,,0,0
17,00343773+7111418,397795649,11.0569000244141,0.267,0.284,,0,0
19,00360847+4530575,191228368,9.51500034332275,0.679,0.684,,0,0
20,00383388+5127579,240688842,10.3374996185303,0.28,0.297,,0,0
21,00385879+3036583,267688052,8.90777969360352,0.424,0.436,,0,0
22,00393349+1454188,245763892,11.621000289917,0.303,0.319,34.01,0,0
24,00424820+3532554,267802440,8.50940990447998,0.763,0.767,2.17,1,0
28,00520003+2034585,435876741,9.74639987945557,0.63,0.636,,0,0
29,00535321+4556404,196257181,9.47912979125977,0.589,0.596,,0,0
30,00563841+1727347,336777483,11.0214004516602,0.318,0.333,,0,0
31,01012006+6121560,256316623,8.71255970001221,0.397,0.409,,0,0
32,01023213+7140475,379084450,7.75470018386841,0.473,0.482,,0,0
33,01023895+6220422,256419669,7.5966100692749,0.573,0.58,,0,0
34,01031408+2005523,243154339,9.11800003051758,0.49,0.5,,0,0
35,01031408+2005523,471012297,9.60299968719482,0.49,0.5,,0,0
41,01064151+1516229,384886463,9.41174030303955,0.561,0.568,,0,0
42,01070794+6356284,52626846,7.61639976501465,0.693,0.698,,0,0
44,01084037+1714348,408251015,9.19849967956543,0.647,0.652,,0,0
45,01115562+0455048,336892484,10.4385995864868,0.291,0.307,,0,0
46,01115799+0454120,336892478,11.2632999420166,0.191,0.212,,0,0
47,01163929+2519535,16917838,8.6451997756958,0.699,0.704,,0,0
48,01175067+2840143,16956183,9.64424991607666,0.458,0.468,,0,0
49,01175325+0528256,380887434,9.16763973236084,0.555,0.563,,0,0
50,01195227+8409327,461635002,11.6922998428345,0.15,0.174,,0,0
51,01213098+8009063,420658458,8.39299964904785,0.725,0.729,,0,0
55,01382162+5713571,453303407,9.60400009155273,0.268,0.285,,0,0
56,01382998+0039059,262845999,9.54885959625244,0.488,0.497,,0,0
57,01431592+2750315,238602461,8.68953037261963,0.661,0.666,,0,0
58,01432015+0419172,369534824,8.76214027404785,0.405,0.417,,0,0
59,01445851+1620396,88756273,11.3064002990723,0.207,0.227,,0,0
60,01451820+4632077,327729815,9.43758010864258,0.619,0.625,4.05,1,0
61,01480397+2112243,456933791,9.95580005645752,0.429,0.44,,0,0
62,01484059+3306071,20931752,10.4270000457764,0.488,0.497,,0,0
63,01591239+0331092,422677299,9.45162963867188,0.738,0.743,,0,0
65,01592349+5831162,445501347,9.52713966369629,0.355,0.369,,1,0
66,02001278+1303112,404715018,9.2974100112915,0.143,0.167,,1,0
67,02013533+6346118,374029463,8.74783039093018,0.468,0.478,,0,0
68,02021620+1020136,347509900,11.8830995559692,0.103,0.129,,0,0
69,02065718+4511045,292277000,8.59200000762939,0.603,0.609,,0,0
70,02081568+8013156,331725581,9.57339954376221,0.621,0.627,,0,0
71,02100486+3525504,63585149,11.5431003570557,0.304,0.32,,0,0
72,02122090+0334310,270415707,8.15297985076904,0.45,0.46,,0,0
73,02145978+1725089,58873965,11.7049999237061,0.217,0.237,,0,0
74,02152197+0729389,337130939,9.98062992095947,0.574,0.581,,0,0
75,02162977+1335136,408587159,11.9874000549316,0.097,0.124,,1,0
76,02181266+4416120,415976826,11.3013000488281,0.352,0.366,,0,0
77,02190305+3521181,429066777,10.1663999557495,0.324,0.339,,0,0
78,02210181+3652481,129789756,11.789999961853,0.174,0.196,,0,0
80,02221463+4752481,409527090,7.64212989807129,0.618,0.624,,0,0
81,02312765+5722432,444136855,10.7693004608154,0.281,0.298,,0,0
82,02333717+2455392,22750743,10.1969995498657,0.203,0.223,,1,0
83,02355328+2013119,247042708,8.59601020812988,0.515,0.523,,0,0
84,02361535+0652191,278962913,9.02054023742676,0.245,0.264,,0,0
85,02364781+3204204,85399665,10.3889999389648,0.25,0.268,,0,0
86,02364781+3204204,471012358,10.3889999389648,0.25,0.268,,0,0
87,02423253+0322259,318802674,8.74699974060059,0.676,0.681,,0,0
88,02441025+4913540,302158899,8.06742000579834,0.52,0.529,,0,0
89,02453963+4456557,20766994,9.08288955688477,0.619,0.625,,0,0
90,02520697+3423236,77546087,8.21700000762939,0.553,0.56,,0,0
91,02522502+2658304,436883712,9.24129009246826,0.682,0.687,,0,0
92,02553573+2652208,436933291,11.1949996948242,0.31,0.326,,0,0
93,02563506+5526302,251333140,9.47348022460938,0.554,0.562,,0,0
94,02573103+1047245,387585453,10.6779003143311,0.294,0.31,,0,0
95,03090015+1001257,365369408,11.7625999450684,0.126,0.151,,0,0
97,03132299+0446293,328465904,10.6701002120972,0.159,0.182,126.2,0,0
98,03174512+2515070,28833320,9.82641983032227,0.448,0.459,,0,0
99,03180742+3815081,178078333,8.36497974395752,0.638,0.644,,0,0
100,03232241+1141134,381133463,9.90711975097656,0.401,0.413,,1,0
103,03393620+2528202,427580190,10.3437995910645,0.415,0.426,,0,0
104,03394050+2528476,427580188,10.6301002502441,0.367,0.38,,0,0
107,04010755+5123196,266041067,11.1955995559692,0.27,0.287,,0,0
110,04195968+3629113,367647436,9.58771991729736,0.513,0.521,30.6387,0,0
111,04421603+5742275,9896079,9.68900012969971,0.587,0.594,,0,0
115,05285650+1231539,302537170,11.2080001831055,0.352,0.365,,1,0
117,05340870+5112566,310526844,9.2519998550415,0.628,0.634,39.1947,0,0
119,05531404+2415329,77892955,10.0860004425049,0.613,0.619,,0,0
120,06105481+1019056,229264027,8.27600002288818,0.478,0.488,,0,0
123,06484939+3708464,16486662,11.1599998474121,0.337,0.352,,0,0
126,07272450+0513329,318686860,7.30800008773804,0.284,0.301,,0,0
128,08085639+3249118,165818533,8.4069995880127,0.708,0.713,3.3708,1,0
132,08552479+7047389,471012682,6.8289999961853,0.798,0.802,,0,0
133,08552479+7047389,341573000,6.74200010299683,0.798,0.802,,0,0
136,09163011+8410598,328815367,9.87100028991699,0.51,0.519,,0,0
137,09173071+7714405,202276997,8.55900001525879,0.749,0.753,,0,0
138,10105871+7508284,142780448,8.41166019439697,0.776,0.78,,0,0
139,10141918+2104297,95339414,8.31400012969971,0.771,0.775,8.05,1,0
140,10282780+4814199,252487584,10.5240001678467,0.339,0.353,,0,0
141,10313075+5705179,297961454,11.4399995803833,0.209,0.229,,1,0
142,10320068+0830379,392833911,9.20100021362305,0.748,0.752,,0,0
144,10562886+0700527,365006789,9.27999973297119,0.102,0.128,,1,0
145,11011965+0300171,281837943,11.6079998016357,0.158,0.181,,0,0
146,11052903+4331357,252803603,6.90500020980835,0.385,0.398,,0,0
147,11111972+4325031,156372121,8.7790002822876,0.571,0.578,,0,0
148,11131005+0014197,425283213,8.63599967956543,0.74,0.744,,0,0
150,12155833+0538250,412130768,8.61499977111816,0.832,0.835,,0,0
151,12155833+0538250,471012633,8.27099990844727,0.832,0.835,,0,0
155,12475664+0945050,390651552,8.82229995727539,0.319,0.334,,0,0
157,12574030+3513306,165916576,8.66699981689453,0.626,0.632,3.17,1,0
158,13013268+6337496,142350124,11.9359998703003,0.341,0.355,,1,0
159,13044662+5554092,155873175,9.03999996185303,0.77,0.774,,0,0
161,13324460+1648397,471012363,9.125,0.348,0.362,,0,0
162,13324460+1648397,95548046,9.125,0.348,0.362,,0,0
163,13400898+4346377,288511747,9.72799968719482,0.322,0.337,,0,0
165,13532757+1256345,72578769,8.14799976348877,0.751,0.755,,0,0
166,14021961+1341229,72599316,8.83403015136719,0.608,0.614,,0,0
167,14023324+4620266,198151136,7.80100011825562,0.617,0.623,,0,0
168,14023312+4620239,198151134,7.7189998626709,0.627,0.632,,0,0
171,15032457+0346574,460361158,10.628999710083,0.313,0.329,,0,0
174,15530635+3445137,376664521,10.1219997406006,0.513,0.522,,0,0
175,16170537+5516094,207436278,8.10799980163574,0.823,0.827,,1,0
176,16240913+4821112,162673762,8.13899993896484,0.378,0.391,,0,0
177,16575357+4722016,115582980,8.42199993133545,0.701,0.706,,0,0
184,18405518+3131521,68340483,9.74300003051758,0.54,0.548,,0,0
185,18424688+5937374,392572237,7.32100009918213,0.243,0.262,,0,0
186,18515118+1634599,298514156,8.40415954589844,0.575,0.582,,0,0
190,19343982+0434572,213459719,7.80538988113403,0.628,0.634,,0,0
194,19555285+5116220,416594571,10.0959997177124,0.471,0.48,,0,0
195,19563401+5909421,165306319,8.58600044250488,0.832,0.836,,0,0
204,21363852+3927206,304966912,8.34899997711182,0.718,0.723,,0,0
205,21363852+3927206,471012706,8.34899997711182,0.718,0.723,,0,0
207,21401277+3703285,372254618,9.6230001449585,0.506,0.515,,0,0
208,21450493+1953354,330213592,9.89400005340576,0.61,0.616,,0,0
213,22275958+5741453,471012608,7.15100002288818,0.316,0.332,,0,0
214,22275958+5741453,414587194,7.15100002288818,0.316,0.332,,0,0
216,22423871+1740091,379746744,9.47599983215332,0.451,0.461,,0,0
217,23060482+6355339,435160829,9.05900001525879,0.647,0.653,2.831,1,0
222,23584342+4643452,177638351,7.86399984359741,0.737,0.741,,0,0
224,00113182+5908400,452882423,11.9278001785278,0.1,0.126,,0,0
225,00115302+2259047,150785249,10.496600151062,0.299,0.315,,0,0
226,00115653+3303177,22567172,10.6006002426147,0.37,0.383,,0,0
228,00175864+2057192,150905991,9.96500015258789,0.505,0.514,,0,0
229,00185352+2748499,306123710,11.1961002349854,0.187,0.208,6.049,1,0
231,00252063+2253121,411527097,11.4352998733521,0.165,0.187,,0,0
233,00332048+3650262,115595346,10.2938003540039,0.405,0.417,,0,0
234,00372598+5133072,240673402,9.7086296081543,0.474,0.484,7.2048,0,0
235,00393379+6033153,428548844,10.6716995239258,0.369,0.382,,0,0
236,00441933+1237027,333113604,10.3930997848511,0.373,0.386,,0,0
237,00462990+5038389,240777964,11.6436004638672,0.286,0.303,,0,0
239,00570261+4505099,196293610,9.5875301361084,0.28,0.296,,0,0
240,01004948+6656546,378981776,10.9006004333496,0.31,0.325,,0,0
241,01031395+3140598,174326589,11.03600025177,0.51,0.519,,0,0
242,01075217+1252518,384888319,10.1406002044678,0.425,0.436,,0,0
244,01144937+2519012,80514634,10.2079000473022,0.444,0.455,,0,0
246,01401649+3147306,61505365,11.1492004394531,0.256,0.274,,0,0
248,01512417+2123399,91305824,11.1836004257202,0.233,0.252,,0,0
249,01515108+6426060,10352491,9.12899971008301,0.449,0.46,,0,0
250,02000224+1334507,471012751,10.7740001678467,0.282,0.299,,0,0
251,02000224+1334507,404713296,10.7740001678467,0.282,0.299,,0,0
252,02000280+4345286,291885076,10.7391996383667,0.411,0.422,,0,0
253,02000741+3639481,381543741,11.4549999237061,0.247,0.265,,0,0
256,02071032+6417114,285903673,11.5615997314453,0.195,0.216,1.177,1,0
259,02085359+4926565,250602194,10.0315999984741,0.384,0.396,,1,0
260,02112213+4406421,292605805,10.114800453186,0.611,0.617,,0,0
261,02114094+1833375,306425933,10.1805000305176,0.347,0.361,,0,0
262,02125458+0000167,332799564,10.7680997848511,0.251,0.27,4.732,1,0
263,02153438+3357418,63717991,10.9794998168945,0.435,0.446,,1,0
264,02183595+2047501,246941391,10.2491998672485,0.392,0.405,,0,0
265,02190228+2352550,246943507,11.4202995300293,0.234,0.253,,1,0
266,02202524+3747307,129762186,10.3409996032715,0.42,0.432,,0,0
267,02202524+3747307,471012506,10.5274000167847,0.42,0.432,,0,0
268,02204625+0258375,420001446,11.8332996368408,0.182,0.204,0.503,1,0
269,02221455+4542011,409529230,11.5523996353149,0.148,0.171,95.98,0,0
270,02244611+2558346,21120590,9.74719047546387,0.626,0.632,,0,0
271,02253841+3732339,129908451,11.3501996994019,0.261,0.279,14.6016,1,0
272,02281712+0126310,422847367,10.7390003204346,0.34,0.354,,0,0
273,02291911+8824129,303256024,10.5900001525879,0.27,0.287,,0,0
274,02334741+1500173,408818853,11.2848997116089,0.275,0.292,,0,0
275,02340001+4146489,139405621,11.1824998855591,0.292,0.308,,0,0
276,02343465+5636461,245425195,10.2810001373291,0.71,0.714,,0,0
277,02362715+5528349,245503256,10.8754997253418,0.427,0.438,,0,0
278,02364412+2240265,61085196,11.9969997406006,0.14,0.164,0.37,1,0
279,02391735+0728169,337217173,11.5545997619629,0.222,0.241,,1,0
280,02530084+1652532,257870150,10.5649995803833,0.087,0.114,,1,0
281,02591670+3146245,269913629,11.0690002441406,0.339,0.354,,0,0
282,03044335+6144097,81382817,10.3289003372192,0.414,0.425,,0,0
283,03153783+3724143,177990792,10.8357000350952,0.457,0.468,1.2887,1,0
284,03204519+3943016,178143920,9.35599994659424,0.713,0.718,,0,0
285,03284958+2629122,405461329,10.8718004226685,0.213,0.233,3.2306,1,0
286,03392972+2458028,427580415,10.3705997467041,0.35,0.364,,1,0
287,03425325+2326495,114085256,11.9090003967285,0.333,0.348,0.8344,1,0
288,04081101+7423018,103179032,10.8025999069214,0.186,0.208,,0,0
289,04385352+2147549,118677743,10.9490003585815,0.298,0.314,,0,0
290,04404249+0213522,256873400,9.19799995422363,0.447,0.457,,0,0
291,04440815+1401228,436572709,11.5284996032715,0.292,0.309,,1,0
292,05074924+1758584,27137427,9.44699954986572,0.254,0.273,,0,0
295,06211300+4414307,189882802,10.0450000762939,0.574,0.581,,1,0
298,09050442+0250031,270561176,9.52000045776367,0.476,0.485,,0,0
299,09061408+1251347,330688989,10.7040004730225,0.322,0.337,,0,0
301,10130025+2320504,95312817,10.8809995651245,0.446,0.456,,0,0
303,11002381+7252244,142537354,10.2480001449585,0.485,0.494,,0,0
304,11030845+1517518,372445638,10.3990001678467,0.323,0.338,,1,0
305,11353198+3855372,10111229,10.6510000228882,0.509,0.518,,0,0
306,11432359+2518137,138822476,11.4259996414185,0.422,0.433,1.326,1,0
308,11585947+4239395,141177289,9.92000007629395,0.633,0.639,,0,0
309,12121136+4849032,53577794,10.5609998703003,0.277,0.294,,0,0
310,12190600+3150433,139086865,9.6870002746582,0.537,0.545,,0,0
311,12290290+4143497,18906490,10.2620000839233,0.472,0.481,13.5853,1,0
312,12454707+5255186,157873245,11.6960000991821,0.255,0.273,,1,0
313,12503457+2655230,356709833,11.4359998703003,0.315,0.331,,0,0
314,13180180+0214011,393638658,10.2910003662109,0.392,0.404,,0,0
315,13490104+0247281,392928034,9.13399982452393,0.492,0.502,,0,0
318,14330637+6100445,232977967,9.57199954986572,0.582,0.589,,0,0
319,14373999+6745316,233183565,9.95199966430664,0.634,0.64,,0,0
320,14501111+3218173,9065215,10.6798000335693,0.68,0.685,,0,0
321,15144680+6433439,202467073,11.3719997406006,0.196,0.217,,0,0
323,16253235+2601379,310074866,9.75800037384033,0.542,0.55,,0,0
326,17182244+1808565,233040803,10.4809999465942,0.339,0.353,,0,0
327,17530062+1655029,335294086,10.1999998092651,0.463,0.473,,0,0
328,18570053+4720294,164722832,11.0319995880127,0.284,0.301,,0,0
329,19355143+4119079,138431696,8.76099967956543,0.651,0.657,25.399,0,0
330,20334173+3635582,63644901,10.9980001449585,0.312,0.327,,0,0
331,21011610+3314328,428832332,9.87399959564209,0.482,0.492,29.13,0,0
333,21241927+0830064,288495727,11.1680002212524,0.471,0.48,,0,0
335,21514831+1336154,385080085,11.1160001754761,0.232,0.251,,0,0
336,22522976+0954042,318705111,11.168999671936,0.336,0.35,,0,0
338,23400772+6041188,271751654,9.47799968719482,0.457,0.467,,0,0
339,00055520+4129289,194230330,10.7390003204346,0.561,0.568,8.919,1,0
340,00153652+7217009,373459942,10.2279996871948,0.42,0.431,,0,0
341,00215392+3816294,288296487,10.4949998855591,0.557,0.565,,0,0
342,00240376+2626299,437762482,11.950400352478,0.213,0.233,29.84,1,0
343,00312156+0009294,257322064,11.2687997817993,0.297,0.313,,0,0
344,00441813+5417351,312341223,11.980299949646,0.35,0.364,,0,0
346,00482096+7116115,368459120,9.48639965057373,0.58,0.587,,0,0
347,00482970+7518480,275369977,10.9450998306274,0.37,0.383,,0,0
348,00531297+1903270,436541121,10.2135000228882,0.373,0.386,,0,0
349,01012679+1853104,243150105,11.0272998809814,0.387,0.399,,0,0
351,01063887+4239584,196590160,11.2644996643066,0.601,0.608,9.6516,0,0
352,01081230+0027563,344771708,11.9052000045776,0.214,0.234,,0,0
353,01113666+1205074,408254882,10.2690000534058,0.394,0.406,,0,0
354,01124752+0154395,388810316,11.329400062561,0.196,0.217,2.346,1,0
355,01131976+5855224,331609888,9.84442043304443,0.486,0.495,0.8,1,0
356,01161005+6009130,54202213,9.55683040618896,0.755,0.759,,0,0
357,01221027+2209032,411628298,10.0170001983643,0.25,0.268,,1,0
358,01270042+3351580,44561910,11.3399000167847,0.293,0.309,93.2125,0,0
359,01542806+5741310,370943232,10.2167997360229,0.355,0.368,,1,0
361,02113591+2046430,306426536,10.0338001251221,0.511,0.519,,0,0
362,02183655+1218579,408593981,10.2383003234863,0.368,0.381,,1,0
363,02230593+1810347,246973104,9.69699954986572,0.551,0.559,,0,0
365,02284694+1538535,257841714,10.2167997360229,0.403,0.415,,0,0
366,02291411+1932360,247011609,10.4153003692627,0.497,0.506,,1,0
367,02351494+0247534,422946847,11.7279996871948,0.183,0.205,0.472,1,0
368,02405251+4452365,422925107,10.6859998703003,0.388,0.401,9.359,1,0
369,02422555+1814422,301798878,10.1674003601074,0.561,0.568,,0,0
370,02501643+6251198,424283890,10.7631998062134,0.42,0.431,,0,0
371,02532611+1724324,257870538,10.2777004241943,0.336,0.351,,0,0
373,03031233+7233560,396656306,11.4861001968384,0.337,0.351,,0,0
374,03143273+5926160,384812542,9.80900001525879,0.45,0.461,,0,0
376,03282922+3515198,417830645,10.2580003738403,0.432,0.443,26.4064,0,0
381,04301819+3601341,238860399,10.6438999176025,0.331,0.345,36.4343,0,0
382,04400625+0132203,262527689,9.7790002822876,0.522,0.531,,0,0
385,05554895+6625373,99394324,10.2040004730225,0.705,0.709,,0,0
386,06170531+8353354,138469142,10.451000213623,0.233,0.252,74.48,0,0
387,06274397+0923541,206853504,9.59700012207031,0.421,0.432,,0,0
388,06321506+3748128,309503744,9.50899982452393,0.758,0.762,18.2108,0,0
389,07135280+4039319,371105755,10.5010004043579,0.78,0.784,40.2895,0,0
390,07420968+5004275,409308138,9.77000045776367,0.454,0.464,,0,0
391,07543412+0832252,358706690,9.91300010681152,0.353,0.367,,0,0
392,08014355+2342271,386825419,10.3850002288818,0.462,0.472,,0,0
393,08571541+1924177,197247983,10.9169998168945,0.471,0.481,77.02,0,0
394,09035339+1259281,330622425,10.2489995956421,0.409,0.42,,0,0
396,09132383+6852305,341612752,9.09700012207031,0.593,0.6,,0,0
397,09585650+0558000,275309165,11.6160001754761,0.157,0.18,0.453,1,0
398,10024936+4827333,252470185,11.8559999465942,0.182,0.204,0.268,1,0
399,10143194+0606409,349948274,10.2770004272461,0.669,0.674,,1,0
400,10375528+1246369,233167395,10.1160001754761,0.475,0.484,,0,0
401,11030426+0344225,281848934,10.6630001068115,0.358,0.371,,0,0
403,13412765+4854458,332299777,10.5120000839233,0.445,0.455,67.2,0,0
405,15081193+6221535,202428362,10.6899995803833,0.418,0.43,,0,0
406,15434848+2552376,255885414,11.6389999389648,0.224,0.243,63.8,0,0
407,16484658+1038516,264652949,9.19200038909912,0.385,0.397,,0,0
408,17055259+2605323,471016304,10.0670003890991,0.462,0.472,37.9417,0,0
409,17300615+5439318,229684206,10.4739999771118,0.395,0.407,,0,0
411,18291287+6351108,233731818,10.03600025177,0.454,0.464,,0,0
412,18351355+2418445,322355401,9.94499969482422,0.352,0.366,,0,0
413,18404659+6632520,229744770,9.50800037384033,0.599,0.605,,0,0
414,18441019+7129175,229758888,11.8459997177124,0.404,0.416,,1,0
415,18532537+0250490,226747483,10.2329998016357,0.339,0.353,,0,0
416,18573793+5331140,471012700,10.081000328064,0.397,0.409,,0,0
417,18573793+5331140,267574235,10.081000328064,0.397,0.409,,0,0
418,19270905+7704327,420135687,10.6719999313354,0.371,0.384,,0,0
420,20193448+0800298,462377737,10.7670001983643,0.332,0.347,,0,0
422,21134458+0846103,321905370,9.61100006103516,0.443,0.454,,0,0
423,22211290+3744497,120236683,10.0860004425049,0.464,0.474,,0,0
424,23112378+0831013,402934167,10.0389995574951,0.259,0.277,,0,0
425,23590042+2051387,283822717,10.4729995727539,0.329,0.344,,0,0
426,01005643-0426561,471012716,10.5329999923706,0.178,0.2,,0,0
427,05015746-0656459,471012347,9.46599960327148,0.165,0.187,88.5,1,0
428,05015746-0656459,43605290,9.42840003967285,0.165,0.187,88.5,1,0
429,06022261-2019447,123849672,10.7621002197266,0.208,0.228,,0,0
430,06045215-3433360,160329609,9.65466022491455,0.251,0.269,,1,0
431,06105288-4324178,231917352,9.73585033416748,0.281,0.298,,1,0
432,09070278-2208494,432089011,11.2381000518799,0.196,0.217,,0,0
433,09170532-7749233,452465896,10.1581001281738,0.203,0.224,,0,0
434,09424635-6853060,370955883,9.73799991607666,0.175,0.197,,0,0
435,10145184-4709244,101955023,10.8372001647949,0.18,0.202,,0,0
436,10553448-0921262,148498810,11.0198001861572,0.249,0.267,,0,0
437,11235737-1821485,471015583,10.5989999771118,0.282,0.299,,0,0
438,11235737-1821485,219187616,10.7975997924805,0.282,0.299,,0,0
439,11310835-1457201,157757138,11.206000328064,0.154,0.177,,0,0
440,11310835-1457201,471012447,11.319299697876,0.154,0.177,,0,0
441,11382500-4122325,181202771,11.0550003051758,0.206,0.227,,0,0
442,12230147-4637082,22760643,10.8345003128052,0.24,0.258,,0,0
443,12384914-3822527,144370079,9.8645601272583,0.146,0.169,,0,0
444,13092037-4009264,30203825,10.3858003616333,0.291,0.307,,0,0
445,13130939-4130396,30380653,10.0661001205444,0.28,0.297,,0,0
446,13233804-2554449,101774867,10.2903995513916,0.276,0.293,,1,0
447,13591045-1950034,125421413,10.0532999038696,0.246,0.265,,1,0
448,14200739-0937127,471012479,10.375,0.251,0.269,,0,0
449,14200739-0937127,6112560,10.4579000473022,0.251,0.269,,0,0
450,14211512-0107199,287849681,10.5550003051758,0.226,0.245,,0,0
451,14294291-6240465,388857263,7.3600001335144,0.119,0.144,83.5,1,0
452,16352464-2718533,471012282,11.6529998779297,0.205,0.226,,0,0
453,16352464-2718533,205155275,11.5817003250122,0.205,0.226,,0,0
454,16570570-0420559,189843364,9.6118803024292,0.229,0.248,1.212,1,0
455,17292729-8008573,384827322,9.67969989776611,0.309,0.325,,0,0
456,18495119-5726486,456611976,10.0130996704102,0.279,0.296,,0,0
457,19204795-4533283,62020444,9.38922023773193,0.175,0.197,,0,0
458,19205439-8233170,369327947,10.1507997512817,0.246,0.265,,0,0
459,20280382-7640164,331681541,11.0402002334595,0.166,0.189,,0,0
460,20553706-1403545,471016272,11.6510000228882,0.137,0.161,,0,0
461,20553706-1403545,206169489,11.6567001342773,0.137,0.161,,0,0
463,21304763-4042290,165096120,10.4811000823975,0.196,0.217,,0,0
464,21384369-3339555,270503578,10.0235004425049,0.264,0.281,,0,0
465,21492590-6306519,238813498,10.2349004745483,0.313,0.329,,0,0
466,22022935-3704512,197736350,9.1870002746582,0.237,0.256,,0,0
467,22380290-6550088,232062205,11.7918996810913,0.255,0.273,,0,0
468,22562466-6003490,237314211,10.8819999694824,0.169,0.191,,0,0
469,23121132-1406108,5738528,10.5558004379272,0.295,0.311,,0,0
470,23175034-4818476,355368845,11.0964002609253,0.275,0.292,,0,0
471,23365227-3628518,224269420,10.8922004699707,0.165,0.188,,0,0
472,01045368-1807292,471016687,11.2670001983643,0.14,0.164,,0,0
473,02042754-0152560,471012310,11.246000289917,0.249,0.268,,0,0
474,02154883-1240276,471012735,10.5129995346069,0.297,0.313,,0,0
475,04245619-4002469,7723060,11.2209997177124,0.202,0.223,,1,0
476,05360007-0738580,388934726,10.1768999099731,0.214,0.234,,0,0
477,05470907-0512106,471012390,11.6750001907349,0.171,0.194,,0,0
478,05470907-0512106,176453249,11.8920001983643,0.171,0.194,,0,0
479,08405923-2327232,118608254,9.51138019561768,0.428,0.439,,0,0
480,08442236-1024111,95670818,11.4447002410889,0.253,0.271,,0,0
481,08550473-7135480,302444623,11.7993001937866,0.242,0.261,,0,0
482,09360486-0606557,47007301,11.440899848938,0.264,0.282,,0,0
484,10473868-7927458,394816687,10.7292003631592,0.219,0.239,,0,0
485,11151549-1807347,471016634,11.1929998397827,0.193,0.214,,0,0
486,11151549-1807347,423491038,11.3150997161865,0.193,0.214,,0,0
487,11163766-2757186,471012480,11.0319995880127,0.257,0.275,,0,0
488,11163766-2757186,20501510,11.1360998153687,0.257,0.275,,0,0
489,11350732-0539219,49427030,11.9829998016357,0.193,0.214,,0,0
490,11531249-3123560,471012510,11.0419998168945,0.242,0.26,,0,0
491,11531249-3123560,142002844,11.1089000701904,0.242,0.26,,0,0
492,11554425-1854316,5647251,11.6042003631592,0.238,0.257,,0,0
493,12035831-3301265,142310435,11.2194995880127,0.223,0.243,,0,0
494,12111697-1958213,422407583,10.1585998535156,0.251,0.269,,0,0
495,12362288-0422393,175376830,11.0431003570557,0.324,0.339,,0,0
496,12384731-0419168,51643344,10.9359998703003,0.286,0.302,,0,0
497,12404633-4333595,73232846,9.7407398223877,0.177,0.199,,0,0
498,13300285-0842251,196679896,11.53600025177,0.183,0.204,,0,0
499,13302576-5202403,419909642,10.674599647522,0.297,0.313,,0,0
500,13342364-2622114,58761222,11.2597999572754,0.219,0.239,,0,0
501,13584361-0004474,119132212,11.5516996383667,0.384,0.397,,0,0
502,14022888-2100369,339386257,10.7285995483398,0.284,0.301,,0,0
503,14130492-1201262,471012276,10.7629995346069,0.163,0.186,,1,0
504,14130492-1201262,157170384,11.0510997772217,0.163,0.186,,1,0
505,14191106-0718113,471012478,11.2639999389648,0.222,0.242,,0,0
506,14191106-0718113,6095802,11.2520999908447,0.222,0.242,,0,0
507,15045835-2107003,220235630,11.8098001480103,0.252,0.27,,0,0
509,15313831-2654065,185856339,11.1868000030518,0.28,0.297,,0,0
510,15363450-3754223,172278724,10.0704002380371,0.253,0.271,,0,0
511,15365868-1408006,386973129,10.2489995956421,0.291,0.307,,0,0
512,15365868-1408006,471012749,10.1895999908447,0.291,0.307,,0,0
513,16505382-0450349,157684888,10.9786996841431,0.328,0.343,,0,0
514,17271403-2509357,88170819,10.8432998657227,0.282,0.298,,0,0
515,17301623-5138226,369021290,10.6421003341675,0.292,0.308,,0,0
516,18191700-7702501,292749585,11.4460000991821,0.258,0.276,,0,0
518,18494929-2350101,224752354,7.82651996612549,0.173,0.195,2.869,1,0
519,18520010-6046109,360955814,10.8605003356934,0.294,0.311,,0,0
520,18533991-3836442,201169126,10.0353002548218,0.289,0.306,,0,0
521,20035892-0807472,70808387,10.8436002731323,0.223,0.243,,0,0
522,20040671-3141469,439414619,11.6373996734619,0.204,0.225,,0,0
523,20454538-2927295,269997442,10.9006996154785,0.287,0.304,,0,0
524,21031390-5657479,394481268,10.3050003051758,0.235,0.254,,0,0
525,21032165-5022522,79103276,10.6197004318237,0.285,0.302,,0,0
526,21390081-2409280,441119035,10.7959995269775,0.202,0.223,,0,0
527,21452490-0554055,333372829,11.1479997634888,0.287,0.304,,0,0
528,21565513-0154100,471012295,11.8190002441406,0.144,0.167,,0,0
529,21565513-0154100,241159653,11.7768001556396,0.144,0.167,,0,0
530,22132883-1444538,437698837,10.9553003311157,0.312,0.327,,0,0
531,22134277-1741081,437698085,10.8439998626709,0.171,0.193,,0,0
532,22134277-1741081,471012766,10.8472003936768,0.171,0.193,,0,0
533,22230696-1736250,471012250,10.076000213623,0.172,0.194,,1,0
534,22230696-1736250,12652442,10.2753000259399,0.172,0.194,,1,0
535,22544645-0528264,224222042,11.2250003814697,0.304,0.32,,0,0
536,23071524-2307533,204325302,11.1391000747681,0.265,0.283,,0,0
538,23351050-0223214,313884966,11.2559995651245,0.116,0.141,,1,0
539,23463204-5043273,206361339,11.7370004653931,0.218,0.238,,0,0
540,23552591-0359000,248610583,11.4204998016357,0.282,0.299,,0,0
541,01474254-4836055,229145550,9.77999973297119,0.264,0.281,,1,0
542,04141730-0906544,67744992,11.271900177002,0.301,0.317,1.713,1,0
543,04305203-0849193,38041444,11.5412998199463,0.21,0.231,,0,0
544,06383532-1404579,333047111,11.6333999633789,0.251,0.269,,0,0
545,06393742-2101333,48523939,10.0579996109009,0.242,0.261,,0,0
546,07401183-4257406,123480394,10.5811004638672,0.139,0.163,,1,0
547,09504053-1348385,396795976,10.0659999847412,0.266,0.284,,0,0
548,09524176-1536137,396823875,10.9154996871948,0.271,0.288,,0,0
549,09552387-2715405,22147322,9.52099990844727,0.301,0.317,,0,0
550,10374532-2746388,187933810,10.3330001831055,0.201,0.222,,0,0
552,11412152-3624346,454012528,10.2166996002197,0.199,0.22,,0,0
553,12102834-1310234,347695698,10.9671001434326,0.201,0.221,,1,0
554,12203376-8225577,357466066,9.34123992919922,0.244,0.262,,0,0
556,12365214-0159007,175378094,11.0162000656128,0.258,0.276,,0,0
557,12372157-2052349,434508218,10.6656999588013,0.225,0.245,,0,0
558,12440075-1110302,156619134,11.2634000778198,0.188,0.21,,1,0
559,12591825-0010339,269919096,10.4033002853394,0.264,0.282,,0,0
560,13164546-1220203,335628483,11.1094999313354,0.261,0.278,,0,0
561,13215411-1424098,357492660,11.5389003753662,0.204,0.224,,1,0
562,13244647-0504194,114984037,11.0229997634888,0.347,0.361,,0,0
563,13244647-0504194,471015958,11.0229997634888,0.347,0.361,,0,0
564,13283294-3654233,242103812,11.3950004577637,0.276,0.293,,1,0
565,13384087-1132077,707346,11.4021997451782,0.195,0.216,,1,0
566,13442092-2618350,101824432,10.734299659729,0.273,0.291,,0,0
567,13502377-2137193,437328392,11.0418996810913,0.271,0.289,,0,0
568,13581621-1202591,335741002,11.5184001922607,0.18,0.202,,0,0
569,13581955-1316248,335740666,11.2053003311157,0.212,0.232,,1,0
571,14253413-1148515,6236083,10.9630002975464,0.25,0.268,,1,0
572,14415883-1649008,466516911,11.9896001815796,0.184,0.206,,1,0
573,14442809-0424078,101504887,11.2841997146606,0.279,0.296,,1,0
574,14541044-2041280,309644223,11.8780002593994,0.169,0.191,,1,0
575,15141690-0958386,79287361,11.3495998382568,0.201,0.222,,1,0
576,15154371-0725208,79310780,10.1230001449585,0.499,0.508,,1,0
577,15290145-0612461,37174533,11.3112001419067,0.228,0.247,,1,0
579,17281105-0143569,125311314,11.6273002624512,0.2,0.221,,1,0
581,18024935-0300024,105123934,11.0600996017456,0.252,0.27,,0,0
582,18430697-5436481,120395704,10.1499004364014,0.193,0.214,,0,0
583,18594068-6327218,464515919,10.4974002838135,0.275,0.292,,0,0
584,19103331-0734041,123598328,11.5051002502441,0.274,0.291,,0,0
585,19324633-0652178,100789896,11.49880027771,0.287,0.304,,0,0
588,20043077-2342018,74814667,10.2454996109009,0.216,0.236,,1,0
589,20091824-0113377,243800364,11.2404003143311,0.142,0.166,,1,0
590,20273733-5452592,219979737,10.3240003585815,0.247,0.266,,0,0
591,20284361-1128307,158569856,9.97350025177002,0.424,0.435,,1,0
593,20510974-2458174,29257288,11.8478002548218,0.239,0.258,,1,0
594,20523304-1658289,262016943,8.75883960723877,0.231,0.25,,0,0
595,21005492-4131438,114985772,11.108699798584,0.232,0.251,,1,0
596,21010380-4114331,114953216,11.667200088501,0.201,0.222,,1,0
597,21111366-2248173,99499229,11.7821998596191,0.181,0.203,,1,0
598,21375317-0337514,269194685,11.8684997558594,0.212,0.232,,0,0
599,21464549-2117468,25200252,10.9549999237061,0.222,0.242,,1,0
600,21471744-0444406,24352777,11.2097997665405,0.159,0.182,,0,0
601,21554835-3313151,152273444,10.2159996032715,0.261,0.279,,0,0
602,22430195-2007182,444153368,11.3102998733521,0.262,0.28,,1,0
603,22450754-3251520,206605822,11.9401998519897,0.18,0.202,,1,0
604,23115777-1701588,5727213,11.1490001678467,0.234,0.253,,1,0
605,23312501-1615573,434100291,10.5356998443604,0.24,0.259,,0,0
606,23314763-0625502,49737073,11.6211996078491,0.178,0.2,,0,0
607,23532520-7056410,238176832,10.3235998153687,0.23,0.249,,1,0
608,23555512-1321238,441051650,10.8205995559692,0.262,0.28,,1,0
609,22480446-2422075,47423224,9.78166007995605,0.19,0.211,0.466,1,0
